molecule_chembl_id,ic50_nM,pchembl_value,smiles,assay_chembl_id
CHEMBL68920,41.0,7.39,Cc1cc(C)c(/C=C2\C(=O)Nc3ncnc(Nc4ccc(F)c(Cl)c4)c32)[nH]1,CHEMBL674637
CHEMBL68920,300.0,6.52,Cc1cc(C)c(/C=C2\C(=O)Nc3ncnc(Nc4ccc(F)c(Cl)c4)c32)[nH]1,CHEMBL621151
CHEMBL68920,7820.0,5.11,Cc1cc(C)c(/C=C2\C(=O)Nc3ncnc(Nc4ccc(F)c(Cl)c4)c32)[nH]1,CHEMBL615325
CHEMBL69960,170.0,6.77,Cc1cc(C(=O)N2CCOCC2)[nH]c1/C=C1\C(=O)Nc2ncnc(Nc3ccc(F)c(Cl)c3)c21,CHEMBL674637
CHEMBL69960,40.0,7.40,Cc1cc(C(=O)N2CCOCC2)[nH]c1/C=C1\C(=O)Nc2ncnc(Nc3ccc(F)c(Cl)c3)c21,CHEMBL621151
CHEMBL69960,440.0,6.36,Cc1cc(C(=O)N2CCOCC2)[nH]c1/C=C1\C(=O)Nc2ncnc(Nc3ccc(F)c(Cl)c3)c21,CHEMBL615325
CHEMBL137635,9300.0,5.03,CN(c1ccccc1)c1ncnc2ccc(N/N=N/Cc3ccccn3)cc12,CHEMBL677833
CHEMBL306988,500000.0,,CC(=C(C#N)C#N)c1ccc(NC(=O)CCC(=O)O)cc1,CHEMBL674643
CHEMBL66879,3000000.0,,O=C(O)/C=C/c1ccc(O)cc1,CHEMBL674643
CHEMBL77085,96000.0,4.02,N#CC(C#N)=Cc1cc(O)ccc1[N+](=O)[O-],CHEMBL674643
CHEMBL443268,5310.0,5.28,Cc1cc(C(=O)NCCN2CCOCC2)[nH]c1/C=C1\C(=O)N(C)c2ncnc(Nc3ccc(F)c(Cl)c3)c21,CHEMBL674637
CHEMBL76979,264000.0,,COc1cc(/C=C(\C#N)C(=O)O)cc(OC)c1O,CHEMBL674643
CHEMBL76589,125.0,6.90,N#CC(C#N)=C(N)/C(C#N)=C/c1ccc(O)cc1,CHEMBL674643
CHEMBL77724,1250000.0,,COc1cc(C=C(C#N)C#N)cc(OC)c1,CHEMBL674643
CHEMBL420385,625000.0,,N#CC(C#N)=Cc1ccc(N2CCOCC2)cc1,CHEMBL674643
CHEMBL76904,35000.0,4.46,N#CC(C#N)=Cc1ccc(O)c(O)c1,CHEMBL674643
CHEMBL1009,900000.0,,N[C@@H](Cc1ccc(O)c(O)c1)C(=O)O,CHEMBL674643
CHEMBL304271,0.45,9.35,CCN(CC)CC(O)CNC(=O)c1cc(C)c(/C=C2\C(=O)Nc3ncnc(Nc4ccc(F)c(Cl)c4)c32)[nH]1,CHEMBL674637
CHEMBL296407,10000.0,5.00,N#C/C(=C\c1ccc(O)c(O)c1)C(N)=O,CHEMBL674643
CHEMBL309625,60000.0,4.22,N#CC(C#N)=C(N)/C(C#N)=C/c1ccc(O)c([N+](=O)[O-])c1,CHEMBL674643
CHEMBL77825,600000.0,,COc1ccc(NN=C(C#N)C#N)cc1,CHEMBL674643
CHEMBL421877,850000.0,,COc1cc(C=C(C#N)C#N)cc(OC)c1O,CHEMBL674643
CHEMBL310798,3000.0,5.52,N#CC(C#N)=Cc1cc(O)c(O)c(O)c1,CHEMBL674643
CHEMBL135592,8000.0,5.10,C/N=N/Nc1ccc2ncnc(N(C)c3ccccc3)c2c1,CHEMBL677833
CHEMBL309866,1300000.0,,N#C/C(=C\c1ccc([N+](=O)[O-])cc1)C(=O)O,CHEMBL674643
CHEMBL77381,1360000.0,,N#C/C(=C/c1ccc[nH]1)C(=O)O,CHEMBL674643
CHEMBL76602,165000.0,,N#C/C(=C\c1ccc(O)cc1)C(=O)O,CHEMBL674643
CHEMBL77737,250000.0,,N#CC(C#N)=Cc1ccncc1,CHEMBL674643
CHEMBL76983,1250000.0,,N#CC(C#N)=Cc1ccc(F)cc1,CHEMBL674643
CHEMBL308134,125000.0,,N#CC(C#N)=Cc1ccc(O)c([N+](=O)[O-])c1,CHEMBL674643
CHEMBL136491,14.0,7.85,CN(C)/N=N/c1ccc2ncnc(Nc3cccc(Cl)c3)c2c1,CHEMBL677833
CHEMBL77280,1250000.0,,CC(=C(C#N)C#N)c1ccc(N)cc1,CHEMBL674643
CHEMBL76557,625000.0,,N#CCNC(=O)/C(C#N)=C/c1ccc(O)cc1,CHEMBL674643
CHEMBL336113,1000.0,6.00,Cc1cccc(Nc2ncnc3ccc(N)cc23)c1,CHEMBL677833
CHEMBL133024,100.0,7.00,C/N=N/Nc1ccc2ncnc(Nc3cccc(Cl)c3)c2c1,CHEMBL677833
CHEMBL344652,13350.0,4.88,CN(C)/N=N/c1ccc2ncnc(N(C)c3ccccc3)c2c1,CHEMBL677833
CHEMBL77814,350000.0,,N#CC(C#N)=CNc1ccc(O)cc1,CHEMBL674643
CHEMBL47986,14000.0,4.85,O=CN/C=C/c1cc(O)ccc1O,CHEMBL674643
CHEMBL138125,238.0,6.62,Brc1cccc(Nc2ncnc3ccc(N/N=N/Cc4ccccn4)cc23)c1,CHEMBL677833
CHEMBL137364,64.0,7.19,Brc1cccc(Nc2ncnc3ccc(N/N=N/CCN4CCOCC4)cc23)c1,CHEMBL677833
CHEMBL308339,1400000.0,,N#CC(C#N)=C1C(=O)NC(=O)NC1=O,CHEMBL674643
CHEMBL78174,430000.0,,N#CC(C#N)=Cc1ccc(C(=O)O)cc1,CHEMBL674643
CHEMBL302552,22.0,7.66,O=C1Nc2ncnc(Nc3ccc(F)c(Cl)c3)c2/C1=C/c1ccc(C(=O)NCCN2CCOCC2)[nH]1,CHEMBL674637
CHEMBL309598,13500.0,4.87,N#CC(C#N)=C(O)c1cc(O)c(O)c(O)c1,CHEMBL674643
CHEMBL78302,250000.0,,COc1ccc(C=C(C#N)C#N)cc1O,CHEMBL674643
CHEMBL67057,4.5,8.35,Cc1cc(C(=O)N2CCOCC2)[nH]c1/C=C1\C(=O)Nc2ncnc(Nc3ccc4c(ccn4Cc4ccccc4)c3)c21,CHEMBL674637
CHEMBL67057,100.0,7.00,Cc1cc(C(=O)N2CCOCC2)[nH]c1/C=C1\C(=O)Nc2ncnc(Nc3ccc4c(ccn4Cc4ccccc4)c3)c21,CHEMBL621151
CHEMBL332096,508.0,6.29,Nc1ccc2ncnc(NCc3ccccc3)c2c1,CHEMBL677833
CHEMBL77387,450000.0,,N#CC(C#N)=Cc1ccc([N+](=O)[O-])c(O)c1,CHEMBL674643
CHEMBL432903,200.0,6.70,CCN(CC)CCNC(=O)c1c(C)[nH]c(/C=C2\C(=O)Nc3ncnc(Nc4ccc(F)c(Cl)c4)c32)c1C,CHEMBL674637
CHEMBL69964,210.0,6.68,Cc1cc(/C=C2\C(=O)Nc3ncnc(Nc4ccc(F)c(Cl)c4)c32)[nH]c1C(=O)N1CCN(C)CC1,CHEMBL674637
CHEMBL65848,1410.0,5.85,Cc1cc(C(=O)N2CCOCC2)[nH]c1/C=C1\C(=O)Nc2ncnc(Nc3ccc4c(c3)CCC4)c21,CHEMBL674637
CHEMBL65848,5000.0,5.30,Cc1cc(C(=O)N2CCOCC2)[nH]c1/C=C1\C(=O)Nc2ncnc(Nc3ccc4c(c3)CCC4)c21,CHEMBL621151
CHEMBL65848,4320.0,5.37,Cc1cc(C(=O)N2CCOCC2)[nH]c1/C=C1\C(=O)Nc2ncnc(Nc3ccc4c(c3)CCC4)c21,CHEMBL615325
CHEMBL78184,833000.0,,N#C/C(=C\c1ccc(F)cc1)C(=O)O,CHEMBL674643
CHEMBL76985,47000.0,4.33,N#C/C(=C\c1ccc(C=O)cc1)C(=O)O,CHEMBL674643
CHEMBL145,1200000.0,,O=C(O)/C=C/c1ccc(O)c(O)c1,CHEMBL674643
CHEMBL69629,6.5,8.19,Cc1cc(C(=O)NCCN2CCOCC2)[nH]c1/C=C1\C(=O)Nc2ncnc(Nc3ccc(F)c(Cl)c3)c21,CHEMBL674637
CHEMBL69629,40.0,7.40,Cc1cc(C(=O)NCCN2CCOCC2)[nH]c1/C=C1\C(=O)Nc2ncnc(Nc3ccc(F)c(Cl)c3)c21,CHEMBL621151
CHEMBL69629,2050.0,5.69,Cc1cc(C(=O)NCCN2CCOCC2)[nH]c1/C=C1\C(=O)Nc2ncnc(Nc3ccc(F)c(Cl)c3)c21,CHEMBL615325
CHEMBL136492,8400.0,5.08,CN(c1ccccc1)c1ncnc2ccc(N)cc12,CHEMBL677833
CHEMBL77197,1100000.0,,COc1cc(/C(C)=C(\C#N)C(=O)O)ccc1O,CHEMBL674643
CHEMBL305695,560000.0,,N#CC(C#N)=Cc1ccc(O)cc1,CHEMBL674643
CHEMBL68258,20000.0,,Cc1cc(C(=O)N2CCOCC2)[nH]c1/C=C1\C(=O)Nc2ncnc(N3CCCCC3)c21,CHEMBL674637
CHEMBL76587,6500000.0,,N#CC(C#N)Cc1ccc(O)cc1,CHEMBL674643
CHEMBL77456,1250000.0,,COc1ccc(C=C(C#N)C#N)cc1,CHEMBL674643
CHEMBL66570,13.0,7.89,CCN1CCN(C(=O)c2cc(C)c(/C=C3\C(=O)Nc4ncnc(Nc5ccc(F)c(Cl)c5)c43)[nH]2)CC1,CHEMBL674637
CHEMBL66570,200.0,6.70,CCN1CCN(C(=O)c2cc(C)c(/C=C3\C(=O)Nc4ncnc(Nc5ccc(F)c(Cl)c5)c43)[nH]2)CC1,CHEMBL621151
CHEMBL66570,7500.0,5.12,CCN1CCN(C(=O)c2cc(C)c(/C=C3\C(=O)Nc4ncnc(Nc5ccc(F)c(Cl)c5)c43)[nH]2)CC1,CHEMBL615325
CHEMBL308048,800000.0,,N#C/C(=C\c1ccc(O)cc1)C(N)=O,CHEMBL674643
CHEMBL311119,60000.0,4.22,N#CC(C#N)=Cc1ccc(C=O)cc1,CHEMBL674643
CHEMBL76905,37000.0,4.43,N#CC(C#N)=Cc1cc(O)cc(O)c1,CHEMBL674643
CHEMBL77524,833000.0,,COc1ccc(/C=C(\C#N)C(=O)O)cc1,CHEMBL674643
CHEMBL305194,29.0,7.54,Cc1cc(C(=O)O)[nH]c1/C=C1\C(=O)Nc2ncnc(Nc3ccc(F)c(Cl)c3)c21,CHEMBL674637
CHEMBL305194,5000.0,,Cc1cc(C(=O)O)[nH]c1/C=C1\C(=O)Nc2ncnc(Nc3ccc(F)c(Cl)c3)c21,CHEMBL621151
CHEMBL305194,50000.0,,Cc1cc(C(=O)O)[nH]c1/C=C1\C(=O)Nc2ncnc(Nc3ccc(F)c(Cl)c3)c21,CHEMBL615325
CHEMBL307250,325000.0,,COc1cc(/C=C(\C#N)C(=O)O)ccc1O,CHEMBL674643
CHEMBL80155,6000.0,5.22,COc1cc(C=C(C#N)C#N)cc(O)c1O,CHEMBL674643
CHEMBL343352,200.0,6.70,Nc1ccc2ncnc(Nc3cccc(Cl)c3)c2c1,CHEMBL677833
CHEMBL52765,44.0,7.36,Nc1ccc2ncnc(Nc3cccc(Br)c3)c2c1,CHEMBL677833
CHEMBL311564,450000.0,,COc1ccc(C(O)=C(C#N)C#N)cc1,CHEMBL674643
CHEMBL76642,75000.0,4.12,N#C/C(=C/c1cc(O)ccc1O)C(=O)O,CHEMBL674643
CHEMBL308645,4.7,8.33,Cc1cc(CCC(=O)O)[nH]c1/C=C1\C(=O)Nc2ncnc(Nc3ccc(F)c(Cl)c3)c21,CHEMBL674637
CHEMBL67003,1.8,8.74,Cc1cc(C(=O)N2CCOCC2)[nH]c1/C=C1\C(=O)Nc2ncnc(Nc3ccc4c(cnn4Cc4ccccc4)c3)c21,CHEMBL674637
CHEMBL67003,100.0,7.00,Cc1cc(C(=O)N2CCOCC2)[nH]c1/C=C1\C(=O)Nc2ncnc(Nc3ccc4c(cnn4Cc4ccccc4)c3)c21,CHEMBL621151
CHEMBL307248,640000.0,,N#CC(C#N)=Cc1ccc(NC(=O)CCC(=O)O)cc1,CHEMBL674643
CHEMBL310958,225000.0,,N#CC(C#N)=NNc1ccc(O)cc1,CHEMBL674643
CHEMBL78005,350000.0,,N#CC(C#N)=Cc1ccc2c(c1)OCO2,CHEMBL674643
CHEMBL134312,11.0,7.96,CN(C)/N=N/c1ccc2ncnc(Nc3cccc(Br)c3)c2c1,CHEMBL677833
CHEMBL77243,55000.0,4.26,CCCCc1cc(/C=C(\C#N)C(N)=O)cc(CCCC)c1O,CHEMBL674643
CHEMBL80745,1200.0,5.92,COc1cc(/C=C(\C#N)C(N)=C(C#N)C#N)cc(O)c1O,CHEMBL674643
CHEMBL77778,450000.0,,N#CC(C#N)=Cc1ccc(/C=C/C(=O)O)cc1,CHEMBL674643
CHEMBL305246,2.8,8.55,Cc1cc(C(=O)N2CCN(C)CC2)[nH]c1/C=C1\C(=O)Nc2ncnc(Nc3ccc(F)c(Cl)c3)c21,CHEMBL674637
CHEMBL305246,100.0,7.00,Cc1cc(C(=O)N2CCN(C)CC2)[nH]c1/C=C1\C(=O)Nc2ncnc(Nc3ccc(F)c(Cl)c3)c21,CHEMBL621151
CHEMBL305246,750.0,6.12,Cc1cc(C(=O)N2CCN(C)CC2)[nH]c1/C=C1\C(=O)Nc2ncnc(Nc3ccc(F)c(Cl)c3)c21,CHEMBL615325
CHEMBL69966,18.0,7.75,C#Cc1cccc(Nc2ncnc3c2/C(=C/c2[nH]c(C(=O)NCCN4CCOCC4)cc2C)C(=O)N3)c1,CHEMBL674637
CHEMBL69966,40.0,7.40,C#Cc1cccc(Nc2ncnc3c2/C(=C/c2[nH]c(C(=O)NCCN4CCOCC4)cc2C)C(=O)N3)c1,CHEMBL621151
CHEMBL69966,620.0,6.21,C#Cc1cccc(Nc2ncnc3c2/C(=C/c2[nH]c(C(=O)NCCN4CCOCC4)cc2C)C(=O)N3)c1,CHEMBL615325
CHEMBL47940,3200.0,5.50,Nc1ncnc2c1c(-c1ccc(Oc3ccccc3)cc1)cn2C1CCCC1,CHEMBL679674
CHEMBL57712,1300000.0,,N#CC(C#N)=Cc1cc[n+]([O-])cc1,CHEMBL674643
CHEMBL77869,200000.0,,COc1cc(C=C(C#N)C#N)ccc1O,CHEMBL674643
CHEMBL69358,1.2,8.92,CCN(CC)CCNC(=O)c1cc(C)c(/C=C2\C(=O)Nc3ncnc(Nc4ccc(F)c(Cl)c4)c32)[nH]1,CHEMBL674637
CHEMBL69358,200.0,6.70,CCN(CC)CCNC(=O)c1cc(C)c(/C=C2\C(=O)Nc3ncnc(Nc4ccc(F)c(Cl)c4)c32)[nH]1,CHEMBL621151
CHEMBL69358,1290.0,5.89,CCN(CC)CCNC(=O)c1cc(C)c(/C=C2\C(=O)Nc3ncnc(Nc4ccc(F)c(Cl)c4)c32)[nH]1,CHEMBL615325
CHEMBL137189,200.0,6.70,C/N=N/Nc1ccc2ncnc(Nc3cccc(C)c3)c2c1,CHEMBL677833
CHEMBL137617,39.0,7.41,C/N=N/Nc1ccc2ncnc(Nc3cccc(Br)c3)c2c1,CHEMBL677833
CHEMBL137027,482.0,6.32,CN(C)/N=N/c1ccc2ncnc(NCc3ccccc3)c2c1,CHEMBL677833
CHEMBL78257,800.0,6.10,N#CC(C#N)=C(N)/C(C#N)=C/c1cc(O)c(O)c(O)c1,CHEMBL674643
CHEMBL76082,560000.0,,N#CC(C#N)=Cc1cc2c(cc1[N+](=O)[O-])OCO2,CHEMBL674643
CHEMBL77595,850000.0,,N#C/C(=C\c1ccccc1)C(=O)O,CHEMBL674643
CHEMBL309334,2500.0,5.60,N#CC(C#N)=C(N)/C(C#N)=C/c1ccc(O)c(O)c1,CHEMBL674643
CHEMBL310514,260000.0,,N#CC(C#N)=Cc1ccc[nH]1,CHEMBL674643
CHEMBL304971,410.0,6.39,Cc1c(C(=O)N2CCN(C)CC2)c[nH]c1/C=C1\C(=O)Nc2ncnc(Nc3ccc(F)c(Cl)c3)c21,CHEMBL674637
CHEMBL69071,5.9,8.23,Cc1cc(C(=O)N2CC(C)NC(C)C2)[nH]c1/C=C1\C(=O)Nc2ncnc(Nc3ccc(F)c(Cl)c3)c21,CHEMBL674637
CHEMBL69071,2580.0,5.59,Cc1cc(C(=O)N2CC(C)NC(C)C2)[nH]c1/C=C1\C(=O)Nc2ncnc(Nc3ccc(F)c(Cl)c3)c21,CHEMBL615325
CHEMBL137534,38.0,7.42,CN(C)CC/N=N/Nc1ccc2ncnc(Nc3cccc(Br)c3)c2c1,CHEMBL677833
CHEMBL137788,335.0,6.47,C/N=N/Nc1ccc2ncnc(NCc3ccccc3)c2c1,CHEMBL677833
CHEMBL69709,20000.0,,Cc1cc(C)c(/C=C2\C(=O)N(C)c3ncnc(Nc4ccc(F)c(Cl)c4)c32)[nH]1,CHEMBL674637
CHEMBL424093,25.0,7.60,Brc1cccc(Nc2ncnc3ccc(N/N=N/Cc4ccccc4)cc23)c1,CHEMBL677833
CHEMBL77030,2400.0,5.62,N#C/C(=C\c1ccc(O)c(O)c1)C(N)=S,CHEMBL674643
CHEMBL78150,460000.0,,CC(C)(C)c1cc(C=C(C#N)C#N)cc(C(C)(C)C)c1O,CHEMBL674643
CHEMBL69106,20000.0,,O=C1Nc2ncnc(Nc3ccc(F)c(Cl)c3)c2/C1=C/c1ccc[nH]1,CHEMBL674637
CHEMBL264382,1.1,8.96,Cc1cc(C(=O)NCCN2CCOCC2)[nH]c1/C=C1\C(=O)Nc2ncnc(Nc3ccc4c(ccn4Cc4ccccc4)c3)c21,CHEMBL674637
CHEMBL264382,200.0,6.70,Cc1cc(C(=O)NCCN2CCOCC2)[nH]c1/C=C1\C(=O)Nc2ncnc(Nc3ccc4c(ccn4Cc4ccccc4)c3)c21,CHEMBL621151
CHEMBL264382,1950.0,5.71,Cc1cc(C(=O)NCCN2CCOCC2)[nH]c1/C=C1\C(=O)Nc2ncnc(Nc3ccc4c(ccn4Cc4ccccc4)c3)c21,CHEMBL615325
CHEMBL308133,1500000.0,,O=C(O)C(=Cc1ccc(O)cc1)C(=O)O,CHEMBL674643
CHEMBL307179,160000.0,,COc1cc(C=C(C#N)C#N)cc([N+](=O)[O-])c1O,CHEMBL674643
CHEMBL305782,180.0,6.75,Cc1[nH]c(/C=C2\C(=O)Nc3ncnc(Nc4ccc(F)c(Cl)c4)c32)c(C)c1CCC(=O)O,CHEMBL674637
CHEMBL308672,450.0,6.35,CCN(CC)CCNC(=O)c1cc(C)c(/C=C2\C(=O)Nc3ncnc(Nc4ccc(Cl)cc4F)c32)[nH]1,CHEMBL674637
CHEMBL308672,500.0,6.30,CCN(CC)CCNC(=O)c1cc(C)c(/C=C2\C(=O)Nc3ncnc(Nc4ccc(Cl)cc4F)c32)[nH]1,CHEMBL621151
CHEMBL133023,24.0,7.62,Cc1cccc(Nc2ncnc3ccc(/N=N/N(C)C)cc23)c1,CHEMBL677833
CHEMBL310400,375000.0,,N#CC(C#N)=Cc1cccc(O)c1,CHEMBL674643
CHEMBL136674,71.0,7.15,COCC/N=N/Nc1ccc2ncnc(Nc3cccc(Br)c3)c2c1,CHEMBL677833
CHEMBL73820,25000.0,4.60,N#C/C(=C\c1ccc(O)c(O)c1)C(=O)O,CHEMBL674643
CHEMBL79064,230000.0,,N#CC(C#N)=C(O)c1ccc(O)cc1,CHEMBL674643
CHEMBL77803,500.0,6.30,N#CC(C#N)=C(N)/C(C#N)=C/c1cc(O)c(O)c(Br)c1,CHEMBL674643
CHEMBL75718,2400000.0,,N#C/C=C/c1ccc(O)cc1,CHEMBL674643
CHEMBL77298,153000.0,,COc1cc(C=C(C#N)C#N)cc(Br)c1O,CHEMBL674643
CHEMBL432941,8880.0,5.05,COc1cccc(-c2ccc3c(c2)NC(=O)/C3=C\c2[nH]c3c(c2CCC(=O)O)CCCC3)c1,CHEMBL679949
CHEMBL420609,100000.0,,COc1ccc2c(c1)NC(=O)/C2=C\c1[nH]c2c(c1CCC(=O)O)CCCC2,CHEMBL679949
CHEMBL419682,100000.0,,COc1cccc(-c2ccc3c(c2)NC(=O)/C3=C\c2cc3c([nH]2)CCCC3)c1,CHEMBL679949
CHEMBL322395,3000.0,5.52,COc1cc(Nc2c(C#N)cnc3cc(-c4ccc(CN5CCOCC5)cc4)ccc23)c(Cl)cc1Cl,CHEMBL674698
CHEMBL88462,100000.0,,COc1ccccc1-c1ccc2c(c1)NC(=O)/C2=C\c1cc2c([nH]1)CCCC2,CHEMBL679949
CHEMBL431996,56500.0,4.25,O=C(O)CCc1c(/C=C2\C(=O)Nc3ccc(C(=O)O)cc32)[nH]c2c1CCCC2,CHEMBL679949
CHEMBL91250,100000.0,,COc1ccc2c(c1)NC(=O)/C2=C\c1cc2c([nH]1)CCCC2,CHEMBL679949
CHEMBL88771,100000.0,,O=C(O)CCc1c(/C=C2\C(=O)Nc3cc(-c4ccccc4)ccc32)[nH]c2c1CCCC2,CHEMBL679949
CHEMBL91815,100000.0,,COc1ccc(-c2ccc3c(c2)NC(=O)/C3=C\c2[nH]c3c(c2CCC(=O)O)CCCC3)cc1,CHEMBL679949
CHEMBL328029,100000.0,,O=C1Nc2ccccc2/C1=C/c1cc2c([nH]1)CCCC2,CHEMBL679949
CHEMBL314995,100000.0,,O=C(O)CCc1c(/C=C2\C(=O)Nc3ccc(Br)cc32)[nH]c2c1CCCC2,CHEMBL679949
CHEMBL88483,100000.0,,NS(=O)(=O)c1ccc2c(c1)/C(=C/c1cc3c([nH]1)CCCC3)C(=O)N2,CHEMBL679949
CHEMBL313746,100000.0,,O=C1Nc2cc(-c3ccccc3)ccc2/C1=C/c1cc2c([nH]1)CCCC2,CHEMBL679949
CHEMBL89363,100000.0,,Cc1c[nH]c(/C=C2\C(=O)Nc3ccccc32)c1CCC(=O)O,CHEMBL679949
CHEMBL276711,100000.0,,Cc1cc(C)c(/C=C2\C(=O)Nc3ccccc32)[nH]1,CHEMBL679949
CHEMBL313500,100000.0,,COc1ccc(-c2ccc3c(c2)NC(=O)/C3=C\c2cc3c([nH]2)CCCC3)cc1,CHEMBL679949
CHEMBL89010,100000.0,,O=C1Nc2ccc(C(=O)O)cc2/C1=C/c1cc2c([nH]1)CCCC2,CHEMBL679949
CHEMBL86531,29100.0,4.54,NS(=O)(=O)c1ccc2c(c1)/C(=C/c1[nH]c3c(c1CCC(=O)O)CCCC3)C(=O)N2,CHEMBL679949
CHEMBL315753,100000.0,,O=C(O)CCc1c(/C=C2\C(=O)Nc3ccccc32)[nH]c2c1CCCC2,CHEMBL679949
CHEMBL88606,100000.0,,O=C1Nc2ccc(Br)cc2/C1=C/c1cc2c([nH]1)CCCC2,CHEMBL679949
CHEMBL313821,100000.0,,COc1ccccc1-c1ccc2c(c1)NC(=O)/C2=C\c1[nH]c2c(c1CCC(=O)O)CCCC2,CHEMBL679949
CHEMBL266969,50000.0,,O=C1NC(=O)c2cc(NC3CCCCC3)c(NC3CCCCC3)cc21,CHEMBL679549
CHEMBL138691,4.2,8.38,C=CC(=O)N(CCN(C)C)c1cc2c(Nc3cccc(Br)c3)ncnc2cn1,CHEMBL673925
CHEMBL138691,2282.0,5.64,C=CC(=O)N(CCN(C)C)c1cc2c(Nc3cccc(Br)c3)ncnc2cn1,CHEMBL677216
CHEMBL52829,4.0,8.40,Cc1cccc(Nc2ncnc3cnc(N(C)C)nc23)c1,CHEMBL679947
CHEMBL52823,380.0,6.42,Cc1cccc(Nc2ncnc3cnc(Cl)nc23)c1,CHEMBL679947
CHEMBL8000,100000.0,,O=C1c2cc(Nc3ccccc3)c(Nc3ccccc3)cc2C(=O)N1c1ccccc1,CHEMBL679549
CHEMBL8000,50000.0,,O=C1c2cc(Nc3ccccc3)c(Nc3ccccc3)cc2C(=O)N1c1ccccc1,CHEMBL621149
CHEMBL139307,3.3,8.48,C=CC(=O)N(CCCN1CCOCC1)c1ccc2ncnc(Nc3cccc(Br)c3)c2c1,CHEMBL673925
CHEMBL139307,194.0,6.71,C=CC(=O)N(CCCN1CCOCC1)c1ccc2ncnc(Nc3cccc(Br)c3)c2c1,CHEMBL677216
CHEMBL322298,200.0,6.70,CCn1c(=O)c(-c2c(Cl)cccc2Cl)cc2cnc(Nc3ccccc3)nc21,CHEMBL680019
CHEMBL111434,670.0,6.17,Cn1c(=O)c(-c2c(Cl)cccc2Cl)cc2cnc(Nc3cccc(Br)c3)nc21,CHEMBL680019
CHEMBL111197,30.0,7.52,COc1cccc(Nc2ncc3cc(-c4c(Cl)cccc4Cl)c(=O)n(C)c3n2)c1,CHEMBL680019
CHEMBL291667,100000.0,,Cn1c(SSc2c(C(=O)Nc3ccccc3)c3cccc(Cl)c3n2C)c(C(=O)Nc2ccccc2)c2cccc(Cl)c21,CHEMBL677391
CHEMBL8091,100000.0,,COC(=O)c1cc(Nc2ccc(F)cc2)c(Nc2ccc(F)cc2)cc1C(=O)OC,CHEMBL679549
CHEMBL136058,0.81,9.09,O=C(/C=C/C(=O)Nc1cc2c(Nc3cccc(Br)c3)ncnc2cn1)NCCCN1CCOCC1,CHEMBL673925
CHEMBL136058,8.8,8.06,O=C(/C=C/C(=O)Nc1cc2c(Nc3cccc(Br)c3)ncnc2cn1)NCCCN1CCOCC1,CHEMBL677216
CHEMBL136058,8.8,8.06,O=C(/C=C/C(=O)Nc1cc2c(Nc3cccc(Br)c3)ncnc2cn1)NCCCN1CCOCC1,CHEMBL677213
CHEMBL113128,50000.0,,Cn1c(=O)c(-c2c(Cl)cccc2Cl)cc2cnc(NC3CCCCC3)nc21,CHEMBL680019
CHEMBL51854,3.8,8.42,COc1ncc2ncnc(Nc3cccc(Br)c3)c2n1,CHEMBL679947
CHEMBL939,515.0,6.29,COc1cc2ncnc(Nc3ccc(F)c(Cl)c3)c2cc1OCCCN1CCOCC1,CHEMBL683041
CHEMBL95320,850.0,6.07,C#Cc1cccc(Nc2c(C#N)cnc3cc(OCCOC)c(OCCOC)cc23)c1,CHEMBL683041
CHEMBL8271,100000.0,,O=C1NC(=O)c2cc(Sc3ccccc3)c(Sc3ccccc3)cc21,CHEMBL679549
CHEMBL298931,17.0,7.77,Cc1cccc(Nc2ncnc3cnc(N)nc23)c1,CHEMBL679947
CHEMBL292323,6500.0,5.19,COc1cccc2c(C(=O)Nc3ccccc3)c(SSc3c(C(=O)Nc4ccccc4)c4cccc(OC)c4n3C)n(C)c12,CHEMBL677391
CHEMBL334334,9000.0,5.05,COC(=O)c1cccc(NCc2cc(O)ccc2O)c1,CHEMBL676146
CHEMBL316764,100000.0,,O=C(O)c1cc(/N=C/c2cc(O)ccc2O)ccc1O,CHEMBL676146
CHEMBL545315,1.5,8.82,C=CC(=O)Nc1cc2c(Nc3ccc(F)c(Cl)c3)ncnc2cc1OCCCN1CCOCC1.Cl.Cl,CHEMBL673925
CHEMBL545315,7.4,8.13,C=CC(=O)Nc1cc2c(Nc3ccc(F)c(Cl)c3)ncnc2cc1OCCCN1CCOCC1.Cl.Cl,CHEMBL677216
CHEMBL545315,7.4,8.13,C=CC(=O)Nc1cc2c(Nc3ccc(F)c(Cl)c3)ncnc2cc1OCCCN1CCOCC1.Cl.Cl,CHEMBL677213
CHEMBL111365,1300.0,5.89,COc1ccc(Nc2ncc3cc(-c4c(Cl)cccc4Cl)c(=O)n(C)c3n2)cn1,CHEMBL680019
CHEMBL52591,4.3,8.37,CNc1ncc2ncnc(Nc3cccc(C)c3)c2n1,CHEMBL679947
CHEMBL64459,100000.0,,Cc1ccc2c(C(=O)Nc3ccccc3)c(SSc3c(C(=O)Nc4ccccc4)c4ccc(C)cc4n3C)n(C)c2c1,CHEMBL677391
CHEMBL129989,100000.0,,COC(=O)c1cc(/N=C/c2cc(O)ccc2O)ccc1OC,CHEMBL676146
CHEMBL132907,20000.0,4.70,COC(=O)c1cc(NCc2ccccc2O)ccc1O,CHEMBL676146
CHEMBL268368,100000.0,,O=C1NC(=O)c2c1c1c3ccccc3[nH]c1c1[nH]c3ccccc3c21,CHEMBL679549
CHEMBL422292,1.5,8.82,CCOC(=O)/C=C/C(=O)Nc1cc2c(Nc3cccc(Br)c3)ncnc2cn1,CHEMBL673925
CHEMBL422292,51.0,7.29,CCOC(=O)/C=C/C(=O)Nc1cc2c(Nc3cccc(Br)c3)ncnc2cn1,CHEMBL677216
CHEMBL110034,5000.0,,Cn1c(=O)c(-c2c(Cl)cccc2Cl)cc2cnc(NCc3cccnc3)nc21,CHEMBL680019
CHEMBL113023,250.0,6.60,COc1ccc(Nc2ncc3cc(-c4c(Cl)cccc4Cl)c(=O)n(C)c3n2)cc1C,CHEMBL680019
CHEMBL417420,2.9,8.54,Brc1cccc(Nc2ncnc3cnc(NCCCN4CCOCC4)nc23)c1,CHEMBL679947
CHEMBL304414,10000.0,5.00,Cn1c(SSc2c(C(=O)Nc3ccccc3)c3ccccc3n2C)c(C(=O)Nc2ccccc2)c2ccccc21,CHEMBL677391
CHEMBL106232,4500.0,5.35,CN1CCN(CCCCCNc2ncc3cc(-c4c(Cl)cccc4Cl)c(=O)n(C)c3n2)CC1,CHEMBL680019
CHEMBL327127,90.0,7.05,Cn1c(=O)c(-c2c(Cl)cccc2Cl)cc2cnc(Nc3cccc(CO)c3)nc21,CHEMBL680019
CHEMBL294475,0.81,9.09,Brc1cccc(Nc2ncnc3cnc(NCCN4CCOCC4)nc23)c1,CHEMBL679947
CHEMBL294475,3.1,8.51,Brc1cccc(Nc2ncnc3cnc(NCCN4CCOCC4)nc23)c1,CHEMBL680026
CHEMBL266487,50000.0,,O=C1NC(=O)C(c2c[nH]c3ccccc23)=C1c1c[nH]c2ccccc12,CHEMBL679549
CHEMBL293261,850.0,6.07,O=C(CCc1c(SSc2[nH]c3ccccc3c2CCC(=O)NCc2ccccc2)[nH]c2ccccc12)NCc1ccccc1,CHEMBL677390
CHEMBL53310,13.0,7.89,CNc1ncc2ncnc(Nc3ccccc3)c2n1,CHEMBL679947
CHEMBL267019,2500.0,5.60,O=C1NC(=O)c2cc(Nc3ccc(O)cc3)c(Nc3ccc(O)cc3)cc21,CHEMBL679549
CHEMBL285063,0.7,9.15,C=CC(=O)Nc1ccc2ncnc(Nc3cccc(Br)c3)c2c1,CHEMBL673925
CHEMBL285063,2.7,8.57,C=CC(=O)Nc1ccc2ncnc(Nc3cccc(Br)c3)c2c1,CHEMBL677216
CHEMBL136404,0.5,9.30,C/C=C/C(=O)Nc1cc2c(Nc3cccc(Br)c3)ncnc2cn1,CHEMBL673925
CHEMBL136404,7.7,8.11,C/C=C/C(=O)Nc1cc2c(Nc3cccc(Br)c3)ncnc2cn1,CHEMBL677216
CHEMBL113356,50000.0,,Cn1c(=O)c(-c2c(Cl)cccc2Cl)cc2cnc(NCc3ccccc3)nc21,CHEMBL680019
CHEMBL291979,54100.0,4.27,Cn1c(SSc2c(C(=O)Nc3ccccc3)c3cc(C#N)ccc3n2C)c(C(=O)Nc2ccccc2)c2cc(C#N)ccc21,CHEMBL677391
CHEMBL62843,100000.0,4.00,Cn1c(SSc2c(C(=O)Nc3ccccc3)c3cccc(O)c3n2C)c(C(=O)Nc2ccccc2)c2cccc(O)c21,CHEMBL677391
CHEMBL63009,100000.0,,CN1C(=S)C(C)(C(=O)Nc2ccccc2)c2ccccc21,CHEMBL677391
CHEMBL267941,50000.0,,CN(c1ccccc1)c1cc2c(cc1N(C)c1ccccc1)C(=O)NC2=O,CHEMBL679549
CHEMBL334697,0.17,9.77,C=CC(=O)N(C)c1cc2c(Nc3cccc(Br)c3)ncnc2cn1,CHEMBL673925
CHEMBL334697,13.0,7.89,C=CC(=O)N(C)c1cc2c(Nc3cccc(Br)c3)ncnc2cn1,CHEMBL677217
CHEMBL434827,0.73,9.14,CCN(CC)CCCNC(=O)/C=C/C(=O)Nc1cc2c(Nc3cccc(Br)c3)ncnc2cn1,CHEMBL673925
CHEMBL434827,21.0,7.68,CCN(CC)CCCNC(=O)/C=C/C(=O)Nc1cc2c(Nc3cccc(Br)c3)ncnc2cn1,CHEMBL677216
CHEMBL434827,21.0,7.68,CCN(CC)CCCNC(=O)/C=C/C(=O)Nc1cc2c(Nc3cccc(Br)c3)ncnc2cn1,CHEMBL679948
CHEMBL292287,100000.0,,Cc1cccc2c1c(C(=O)Nc1ccccc1)c(SSc1c(C(=O)Nc3ccccc3)c3c(C)cccc3n1C)n2C,CHEMBL677391
CHEMBL64430,5000.0,5.30,Cn1c(SSc2c(C(=O)Nc3ccccc3)c3cc([N+](=O)[O-])ccc3n2C)c(C(=O)Nc2ccccc2)c2cc([N+](=O)[O-])ccc21,CHEMBL677391
CHEMBL64068,100000.0,,CC(=O)Oc1ccc2c(C(=O)Nc3ccccc3)c(SSc3c(C(=O)Nc4ccccc4)c4ccc(OC(C)=O)cc4n3C)n(C)c2c1,CHEMBL677391
CHEMBL62067,100000.0,,CN1C(=S)C(C(=O)Nc2ccccc2)c2cc(Cl)ccc21,CHEMBL677391
CHEMBL64814,100000.0,,CSc1c(C(=O)Nc2ccccc2)c2ccccc2n1C,CHEMBL677391
CHEMBL137082,2.7,8.57,C=CC(=O)N(CCCN1CCOCC1)c1cc2c(Nc3cccc(Br)c3)ncnc2cn1,CHEMBL673925
CHEMBL137082,156.0,6.81,C=CC(=O)N(CCCN1CCOCC1)c1cc2c(Nc3cccc(Br)c3)ncnc2cn1,CHEMBL677216
CHEMBL299347,50000.0,,CN(C)c1ncc2cc(-c3c(Cl)cccc3Cl)c(=O)n(C)c2n1,CHEMBL680019
CHEMBL324926,330.0,6.48,COc1cc(Nc2ncc3cc(-c4c(Cl)cccc4Cl)c(=O)n(C)c3n2)cc(OC)c1,CHEMBL680019
CHEMBL53311,82.0,7.09,Clc1ncc2ncnc(Nc3cccc(Br)c3)c2n1,CHEMBL679947
CHEMBL62176,1000.0,6.00,CN1C(=S)C(C(=O)Nc2ccccc2)c2ccccc21,CHEMBL677391
CHEMBL130694,20000.0,,O=C(O)c1cc(/N=C/c2ccccc2O)ccc1O,CHEMBL676146
CHEMBL423159,21000.0,4.68,COC(=O)c1cc(NCc2cccc(O)c2)ccc1O,CHEMBL676146
CHEMBL109759,5000.0,,CC(C)Nc1ncc2cc(-c3c(Cl)cccc3Cl)c(=O)n(C)c2n1,CHEMBL680019
CHEMBL299622,0.76,9.12,CNc1ncc2ncnc(Nc3cccc(Br)c3)c2n1,CHEMBL679947
CHEMBL299622,30.0,7.52,CNc1ncc2ncnc(Nc3cccc(Br)c3)c2n1,CHEMBL680026
CHEMBL138363,1.6,8.80,C=C(C)C(=O)Nc1cc2c(Nc3cccc(Br)c3)ncnc2cn1,CHEMBL673925
CHEMBL138363,44.0,7.36,C=C(C)C(=O)Nc1cc2c(Nc3cccc(Br)c3)ncnc2cn1,CHEMBL677216
CHEMBL93464,0.55,9.26,C/C=C/C(=O)Nc1ccc2ncnc(Nc3cccc(Br)c3)c2c1,CHEMBL673925
CHEMBL93464,8.7,8.06,C/C=C/C(=O)Nc1ccc2ncnc(Nc3cccc(Br)c3)c2c1,CHEMBL677216
CHEMBL53831,1.5,8.82,Nc1ncc2ncnc(Nc3cccc(Br)c3)c2n1,CHEMBL679947
CHEMBL299881,2.3,8.64,Cc1cccc(Nc2ncnc3cnc(NCCN4CCOCC4)nc23)c1,CHEMBL679947
CHEMBL50027,2550.0,5.59,Clc1ncc2ncnc(Nc3ccccc3)c2n1,CHEMBL679947
CHEMBL31965,74.0,7.13,C=CC(=O)Nc1cc2c(Nc3ccc(F)c(Cl)c3)ncnc2cc1OCCCN1CCOCC1,CHEMBL683041
CHEMBL344486,2.7,8.57,CCOC(=O)/C=C/C(=O)Nc1ccc2ncnc(Nc3cccc(Br)c3)c2c1,CHEMBL673925
CHEMBL344486,64.0,7.19,CCOC(=O)/C=C/C(=O)Nc1ccc2ncnc(Nc3cccc(Br)c3)c2c1,CHEMBL677216
CHEMBL138940,0.61,9.21,O=C(/C=C/C(=O)Nc1cc2c(Nc3ccc(F)c(Cl)c3)ncnc2cn1)NCCCN1CCOCC1,CHEMBL673925
CHEMBL138940,14.0,7.85,O=C(/C=C/C(=O)Nc1cc2c(Nc3ccc(F)c(Cl)c3)ncnc2cn1)NCCCN1CCOCC1,CHEMBL677216
CHEMBL138940,14.0,7.85,O=C(/C=C/C(=O)Nc1cc2c(Nc3ccc(F)c(Cl)c3)ncnc2cn1)NCCCN1CCOCC1,CHEMBL677213
CHEMBL321193,150.0,6.82,Cn1c(=O)c(-c2c(Cl)cccc2Cl)cc2cnc(Nc3cccc(O)c3)nc21,CHEMBL680019
CHEMBL419022,700.0,6.16,CCOC(=O)CCCc1ccc(Nc2ncc3cc(-c4c(Cl)cccc4Cl)c(=O)n(C)c3n2)cc1,CHEMBL680019
CHEMBL53426,0.25,9.60,Brc1cccc(Nc2ncnc3cnc(NCCc4c[nH]cn4)nc23)c1,CHEMBL679947
CHEMBL53426,5.1,8.29,Brc1cccc(Nc2ncnc3cnc(NCCc4c[nH]cn4)nc23)c1,CHEMBL680026
CHEMBL53711,2.6,8.59,CN(C)c1cc2c(Nc3cccc(Br)c3)ncnc2cn1,CHEMBL680030
CHEMBL53711,12.0,7.92,CN(C)c1cc2c(Nc3cccc(Br)c3)ncnc2cn1,CHEMBL680031
CHEMBL344177,0.69,9.16,O=C(/C=C/Cl)Nc1cc2c(Nc3cccc(Br)c3)ncnc2cn1,CHEMBL673925
CHEMBL344177,20.0,7.70,O=C(/C=C/Cl)Nc1cc2c(Nc3cccc(Br)c3)ncnc2cn1,CHEMBL677216
CHEMBL136178,1.2,8.92,CC(=O)/C=C/C(=O)Nc1ccc2ncnc(Nc3cccc(Br)c3)c2c1,CHEMBL673925
CHEMBL136178,1039.0,5.98,CC(=O)/C=C/C(=O)Nc1ccc2ncnc(Nc3cccc(Br)c3)c2c1,CHEMBL677216
CHEMBL136511,1.4,8.85,C=CS(=O)(=O)Nc1ccc2ncnc(Nc3cccc(Br)c3)c2c1,CHEMBL673925
CHEMBL136511,2.7,8.57,C=CS(=O)(=O)Nc1ccc2ncnc(Nc3cccc(Br)c3)c2c1,CHEMBL677216
CHEMBL416307,3.0,8.52,Cc1cccc(Nc2ncnc3cnc(NCCc4c[nH]cn4)nc23)c1,CHEMBL679947
CHEMBL64165,100000.0,,Cc1cccc2c(C(=O)Nc3ccccc3)c(SSc3c(C(=O)Nc4ccccc4)c4cccc(C)c4n3C)n(C)c12,CHEMBL677391
CHEMBL130116,20000.0,,O=C(O)c1cccc(/N=C/c2cc(O)ccc2O)c1,CHEMBL676146
CHEMBL44,1000.0,6.00,O=c1c(-c2ccc(O)cc2)coc2cc(O)cc(O)c12,CHEMBL679549
CHEMBL136102,1.45,8.84,CN(C)CCCNC(=O)/C=C/C(=O)N(C)c1cc2c(Nc3cccc(Br)c3)ncnc2cn1,CHEMBL673925
CHEMBL136102,193.0,6.71,CN(C)CCCNC(=O)/C=C/C(=O)N(C)c1cc2c(Nc3cccc(Br)c3)ncnc2cn1,CHEMBL677216
CHEMBL336264,0.43,9.37,C=CS(=O)(=O)c1cc2c(Nc3cccc(Br)c3)ncnc2cn1,CHEMBL673925
CHEMBL336264,500.0,,C=CS(=O)(=O)c1cc2c(Nc3cccc(Br)c3)ncnc2cn1,CHEMBL677216
CHEMBL104153,220.0,6.66,COc1ccc(Nc2ncc3cc(-c4c(Cl)cccc4Cl)c(=O)n(C)c3n2)cc1,CHEMBL680019
CHEMBL53156,3.1,8.51,CNc1ccc2ncnc(Nc3cccc(Br)c3)c2n1,CHEMBL680030
CHEMBL53156,20.0,7.70,CNc1ccc2ncnc(Nc3cccc(Br)c3)c2n1,CHEMBL680031
CHEMBL95774,80.0,7.10,C=CC(=O)Nc1cc2c(Nc3ccc(F)c(Cl)c3)c(C#N)cnc2cc1OCCCN1CCOCC1,CHEMBL683041
CHEMBL130893,10000.0,,COC(=O)c1ccc(/N=C/c2cc(O)ccc2O)cc1O,CHEMBL676146
CHEMBL129907,20000.0,,O=C(O)c1cccc(NCc2cc(O)ccc2O)c1,CHEMBL676146
CHEMBL131653,9000.0,5.05,COC(=O)c1cc(NCc2cc(O)ccc2O)ccc1O,CHEMBL676146
CHEMBL268868,300.0,6.52,O=C1NC(=O)c2cc(Nc3ccccc3)c(Nc3ccccc3)cc21,CHEMBL679549
CHEMBL268868,4500.0,,O=C1NC(=O)c2cc(Nc3ccccc3)c(Nc3ccccc3)cc21,CHEMBL621149
CHEMBL7352,50000.0,,COc1ccc(Nc2cc3c(cc2Nc2ccc(OC)cc2)C(=O)NC3=O)cc1,CHEMBL679549
CHEMBL7352,100000.0,,COc1ccc(Nc2cc3c(cc2Nc2ccc(OC)cc2)C(=O)NC3=O)cc1,CHEMBL621149
CHEMBL7775,8700.0,5.06,CN(c1ccccc1)c1cc2c(cc1Nc1ccccc1)C(=O)NC2=O,CHEMBL679549
CHEMBL7775,100000.0,,CN(c1ccccc1)c1cc2c(cc1Nc1ccccc1)C(=O)NC2=O,CHEMBL621149
CHEMBL8222,100000.0,,COC(=O)c1cc(Nc2ccccc2)c(Nc2ccccc2)cc1C(=O)OC,CHEMBL679549
CHEMBL53711,0.006,,CN(C)c1cc2c(Nc3cccc(Br)c3)ncnc2cn1,CHEMBL680030
CHEMBL53711,21.0,7.68,CN(C)c1cc2c(Nc3cccc(Br)c3)ncnc2cn1,CHEMBL680031
CHEMBL60200,100000.0,,Cc1ccc2c(c1)c(C(=O)Nc1ccccc1)c(SSc1c(C(=O)Nc3ccccc3)c3cc(C)ccc3n1C)n2C,CHEMBL677391
CHEMBL61119,5300.0,5.28,CC(=O)Oc1ccc2c(c1)c(C(=O)Nc1ccccc1)c(SSc1c(C(=O)Nc3ccccc3)c3cc(OC(C)=O)ccc3n1C)n2C,CHEMBL677391
CHEMBL64231,100000.0,,Cn1c(SSCc2ccccc2)c(C(=O)Nc2ccccc2)c2ccccc21,CHEMBL677391
CHEMBL335440,93.5,7.03,O=S(=O)(CCO)c1cc2c(Nc3cccc(Br)c3)ncnc2cn1,CHEMBL673925
CHEMBL50647,220.0,6.66,Cn1c(=O)c(-c2c(Cl)cccc2Cl)cc2cnc(Nc3ccc(CC(=O)O)cc3)nc21,CHEMBL680019
CHEMBL320705,66.0,7.18,COc1ccccc1Nc1ncc2cc(-c3c(Cl)cccc3Cl)c(=O)n(C)c2n1,CHEMBL680019
CHEMBL51228,2.3,8.64,Brc1cccc(Nc2ncnc3cnc(NCCCn4ccnc4)nc23)c1,CHEMBL679947
CHEMBL130117,10000.0,,COC(=O)c1cc(/N=C/c2ccc(O)cc2)ccc1O,CHEMBL676147
CHEMBL129930,9500.0,5.02,COC(=O)c1cc(NCc2cc(O)ccc2O)ccc1OC,CHEMBL676146
CHEMBL48172,5000.0,,Cn1c(=O)c(-c2c(Cl)cccc2Cl)cc2cnc(NCCCN3CCOCC3)nc21,CHEMBL680019
CHEMBL113863,1000.0,6.00,Cn1c(=O)c(-c2c(Cl)cccc2Cl)cc2cnc(NCCCCCC(=O)O)nc21,CHEMBL680019
CHEMBL553,1450.0,5.84,C#Cc1cccc(Nc2ncnc3cc(OCCOC)c(OCCOC)cc23)c1,CHEMBL683041
CHEMBL62699,100000.0,,CN1C(=S)C(C(=O)Nc2ccccc2)c2cccnc21,CHEMBL677391
CHEMBL92086,1.2,8.92,C=C(C)C(=O)Nc1ccc2ncnc(Nc3cccc(Br)c3)c2c1,CHEMBL673925
CHEMBL92086,16.0,7.80,C=C(C)C(=O)Nc1ccc2ncnc(Nc3cccc(Br)c3)c2c1,CHEMBL677216
CHEMBL109631,190.0,6.72,Cn1c(=O)c(-c2c(Cl)cccc2Cl)cc2cnc(Nc3cccc(C(=O)O)c3)nc21,CHEMBL680019
CHEMBL52015,84.0,7.08,CN(C)c1ccc2ncnc(Nc3cccc(Br)c3)c2c1,CHEMBL680030
CHEMBL53796,9.6,8.02,CN(C)c1ccc2ncnc(Nc3cccc(Br)c3)c2n1,CHEMBL680030
CHEMBL53796,32.0,7.50,CN(C)c1ccc2ncnc(Nc3cccc(Br)c3)c2n1,CHEMBL680031
CHEMBL51853,0.13,9.89,Nc1cc2c(Nc3cccc(Br)c3)ncnc2cn1,CHEMBL680030
CHEMBL51853,16.0,7.80,Nc1cc2c(Nc3cccc(Br)c3)ncnc2cn1,CHEMBL680031
CHEMBL294205,100000.0,,COc1cccc2c1c(C(=O)Nc1ccccc1)c(SSc1c(C(=O)Nc3ccccc3)c3c(OC)cccc3n1C)n2C,CHEMBL677391
CHEMBL293913,44000.0,4.36,Cn1c(SSc2c(C(=O)Nc3ccccc3)c3ccc(O)cc3n2C)c(C(=O)Nc2ccccc2)c2ccc(O)cc21,CHEMBL677391
CHEMBL133283,10000.0,5.00,COC(=O)c1ccc(NCc2cc(O)ccc2O)cc1O,CHEMBL676146
CHEMBL7914,2500.0,5.60,Cc1ccc(Nc2cc3c(cc2Nc2ccc(C)cc2)C(=O)NC3=O)cc1,CHEMBL679549
CHEMBL7914,4500.0,5.35,Cc1ccc(Nc2cc3c(cc2Nc2ccc(C)cc2)C(=O)NC3=O)cc1,CHEMBL621149
CHEMBL7929,50000.0,,O=C1NC(=O)c2cc(Nc3ccc(-c4ccccc4)cc3)c(Nc3ccc(-c4ccccc4)cc3)cc21,CHEMBL679549
CHEMBL7929,100000.0,,O=C1NC(=O)c2cc(Nc3ccc(-c4ccccc4)cc3)c(Nc3ccc(-c4ccccc4)cc3)cc21,CHEMBL621149
CHEMBL334801,1.1,8.96,CN(C)CCCNC(=O)/C=C/C(=O)Nc1cc2c(Nc3cccc(Br)c3)ncnc2cn1,CHEMBL673925
CHEMBL334801,57.0,7.24,CN(C)CCCNC(=O)/C=C/C(=O)Nc1cc2c(Nc3cccc(Br)c3)ncnc2cn1,CHEMBL677216
CHEMBL334801,57.0,7.24,CN(C)CCCNC(=O)/C=C/C(=O)Nc1cc2c(Nc3cccc(Br)c3)ncnc2cn1,CHEMBL679948
CHEMBL111618,5000.0,,Cn1c(=O)c(-c2c(Cl)cccc2Cl)cc2cnc(NCCO)nc21,CHEMBL680019
CHEMBL325589,510.0,6.29,Cn1c(=O)c(-c2c(Cl)cccc2Cl)cc2cnc(Nc3cccnc3)nc21,CHEMBL680019
CHEMBL99024,1040.0,5.98,COc1cc2ncc(C#N)c(Nc3ccc(F)c(Cl)c3)c2cc1OCCCN1CCOCC1,CHEMBL683041
CHEMBL59812,20000.0,4.70,CC(=O)Oc1cccc2c1c(C(=O)Nc1ccccc1)c(SSc1c(C(=O)Nc3ccccc3)c3c(OC(C)=O)cccc3n1C)n2C,CHEMBL677391
CHEMBL130337,10000.0,,COC(=O)c1cc(NCc2ccc(O)cc2)ccc1O,CHEMBL676146
CHEMBL434828,9.1,8.04,O=C(/C=C/c1ccccc1)Nc1cc2c(Nc3cccc(Br)c3)ncnc2cn1,CHEMBL673925
CHEMBL434828,77.0,7.11,O=C(/C=C/c1ccccc1)Nc1cc2c(Nc3cccc(Br)c3)ncnc2cn1,CHEMBL677216
CHEMBL49596,5600.0,5.25,Cn1c(=O)c(-c2c(Cl)cccc2Cl)cc2cnc(N)nc21,CHEMBL680019
CHEMBL50519,4.3,8.37,COc1ccc2ncnc(Nc3cccc(Br)c3)c2n1,CHEMBL680030
CHEMBL63455,100000.0,,Cn1c(SSc2c(C(=O)Nc3ccccc3)c3cc(F)ccc3n2C)c(C(=O)Nc2ccccc2)c2cc(F)ccc21,CHEMBL677391
CHEMBL293250,40500.0,4.39,Cn1c(SSc2c(C(=O)Nc3ccccc3)c3cc(O)ccc3n2C)c(C(=O)Nc2ccccc2)c2cc(O)ccc21,CHEMBL677391
CHEMBL62701,22300.0,4.65,Cn1c(SSc2c(C(=O)Nc3ccccc3)c3cccnc3n2C)c(C(=O)Nc2ccccc2)c2cccnc21,CHEMBL677391
CHEMBL51659,0.91,9.04,C=CC(=O)Nc1cc2c(Nc3cccc(Br)c3)ncnc2cn1,CHEMBL673925
CHEMBL51659,3.4,8.47,C=CC(=O)Nc1cc2c(Nc3cccc(Br)c3)ncnc2cn1,CHEMBL677216
CHEMBL135142,1.75,8.76,O=C(/C=C/C(F)(F)F)Nc1ccc2ncnc(Nc3cccc(Br)c3)c2c1,CHEMBL673925
CHEMBL135142,35.0,7.46,O=C(/C=C/C(F)(F)F)Nc1ccc2ncnc(Nc3cccc(Br)c3)c2c1,CHEMBL677216
CHEMBL343722,1.6,8.80,C=C=CC(=O)Nc1ccc2ncnc(Nc3cccc(Br)c3)c2c1,CHEMBL673925
CHEMBL343722,120.0,6.92,C=C=CC(=O)Nc1ccc2ncnc(Nc3cccc(Br)c3)c2c1,CHEMBL677216
CHEMBL448154,490.0,6.31,CCn1c(=O)c(-c2c(Cl)cccc2Cl)cc2cnc(Nc3ccncc3)nc21,CHEMBL680019
CHEMBL303127,100000.0,,Cn1c(SSc2c(C(=O)Nc3ccccc3)c3ccc(Cl)cc3n2C)c(C(=O)Nc2ccccc2)c2ccc(Cl)cc21,CHEMBL677391
CHEMBL50470,1400.0,5.85,CCN(CC)CCCNc1ncc2cc(-c3c(Cl)cccc3Cl)c(=O)n(C)c2n1,CHEMBL680019
CHEMBL104244,210.0,6.68,CN1CCN(CCCCNc2ncc3cc(-c4c(Cl)cccc4Cl)c(=O)n(C)c3n2)CC1,CHEMBL680019
CHEMBL53777,0.95,9.02,CN(C)c1ncc2ncnc(Nc3cccc(Br)c3)c2n1,CHEMBL679947
CHEMBL53777,22.0,7.66,CN(C)c1ncc2ncnc(Nc3cccc(Br)c3)c2n1,CHEMBL680026
CHEMBL293889,4300.0,5.37,Cn1c(SSc2c(C(=O)Nc3ccccc3)c3cc(Cl)ccc3n2C)c(C(=O)Nc2ccccc2)c2cc(Cl)ccc21,CHEMBL677391
CHEMBL61278,100000.0,,Cn1c(SSc2c(C(=O)Nc3ccccc3)c3cc(C(F)(F)F)ccc3n2C)c(C(=O)Nc2ccccc2)c2cc(C(F)(F)F)ccc21,CHEMBL677391
CHEMBL267869,100000.0,,N#Cc1ccc(Nc2cc3c(cc2Nc2ccc(C#N)cc2)C(=O)NC3=O)cc1,CHEMBL679549
CHEMBL140561,2.4,8.62,CN(C)CCCOC(=O)/C=C/C(=O)Nc1ccc2ncnc(Nc3cccc(Br)c3)c2c1,CHEMBL673925
CHEMBL140561,108.0,6.97,CN(C)CCCOC(=O)/C=C/C(=O)Nc1ccc2ncnc(Nc3cccc(Br)c3)c2c1,CHEMBL677216
CHEMBL140561,108.0,6.97,CN(C)CCCOC(=O)/C=C/C(=O)Nc1ccc2ncnc(Nc3cccc(Br)c3)c2c1,CHEMBL679948
CHEMBL345077,4.6,8.34,C=C[S+]([O-])c1cc2c(Nc3cccc(Br)c3)ncnc2cn1,CHEMBL673925
CHEMBL345077,340.0,6.47,C=C[S+]([O-])c1cc2c(Nc3cccc(Br)c3)ncnc2cn1,CHEMBL677216
CHEMBL107472,7500.0,5.12,CNc1ncc2cc(-c3c(Cl)cccc3Cl)c(=O)n(C)c2n1,CHEMBL680019
CHEMBL326041,5000.0,,Cn1c(=O)c(-c2c(Cl)cccc2Cl)cc2cnc(NCc3ccccn3)nc21,CHEMBL680019
CHEMBL111247,5000.0,,Cn1c(=O)c(-c2c(Cl)cccc2Cl)cc2cnc(Nc3ccc(Cl)cc3)nc21,CHEMBL680019
CHEMBL139044,1.1,8.96,C=C/C=C/C(=O)Nc1cc2c(Nc3cccc(Br)c3)ncnc2cn1,CHEMBL673925
CHEMBL139044,27.0,7.57,C=C/C=C/C(=O)Nc1cc2c(Nc3cccc(Br)c3)ncnc2cn1,CHEMBL677216
CHEMBL139095,0.76,9.12,C=CS(=O)(=O)Nc1cc2c(Nc3cccc(Br)c3)ncnc2cn1,CHEMBL673925
CHEMBL139095,2.4,8.62,C=CS(=O)(=O)Nc1cc2c(Nc3cccc(Br)c3)ncnc2cn1,CHEMBL677216
CHEMBL113070,80.0,7.10,Cn1c(=O)c(-c2c(Cl)cccc2Cl)cc2cnc(Nc3ccc(CCCC(=O)O)cc3)nc21,CHEMBL680019
CHEMBL104779,910.0,6.04,Cn1c(=O)c(-c2c(Cl)cccc2Cl)cc2cnc(Nc3ccncc3)nc21,CHEMBL680019
CHEMBL64781,100000.0,,Cn1c(SSc2ccccc2)c(C(=O)Nc2ccccc2)c2ccccc21,CHEMBL677391
CHEMBL319620,92000.0,4.04,O=C(O)c1cc(NCc2cc(O)ccc2O)ccc1O,CHEMBL676146
CHEMBL266255,100000.0,,O=C1NC(=O)c2cc3c(cc21)N(c1ccccc1)CCN3c1ccccc1,CHEMBL679549
CHEMBL134371,0.37,9.43,O=C(O)/C=C/C(=O)Nc1ccc2ncnc(Nc3cccc(Br)c3)c2c1,CHEMBL673925
CHEMBL134371,500.0,,O=C(O)/C=C/C(=O)Nc1ccc2ncnc(Nc3cccc(Br)c3)c2c1,CHEMBL677216
CHEMBL301612,260.0,6.58,Cn1c(=O)c(-c2c(Cl)cccc2Cl)cc2cnc(Nc3ccccc3)nc21,CHEMBL680019
CHEMBL52765,0.78,9.11,Nc1ccc2ncnc(Nc3cccc(Br)c3)c2c1,CHEMBL680030
CHEMBL50344,11.0,7.96,CNc1ccc2ncnc(Nc3cccc(Br)c3)c2c1,CHEMBL680030
CHEMBL293251,11400.0,4.94,Cn1c(SSc2c(C(=O)Nc3ccccc3)c3cc(Br)ccc3n2C)c(C(=O)Nc2ccccc2)c2cc(Br)ccc21,CHEMBL677391
CHEMBL294341,100000.0,,COc1ccc2c(c1)c(C(=O)Nc1ccccc1)c(SSc1c(C(=O)Nc3ccccc3)c3cc(OC)ccc3n1C)n2C,CHEMBL677391
CHEMBL60472,3600.0,5.44,COc1ccc2c(C(=O)Nc3ccccc3)c(SSc3c(C(=O)Nc4ccccc4)c4ccc(OC)cc4n3C)n(C)c2c1,CHEMBL677391
CHEMBL131407,20000.0,,O=C(O)c1cc(NCc2ccccc2O)ccc1O,CHEMBL676146
CHEMBL342828,0.56,9.25,O=C(/C=C/C(=O)Nc1cc2c(Nc3cccc(Br)c3)ncnc2cn1)NCCCn1ccnc1,CHEMBL673925
CHEMBL342828,14.0,7.85,O=C(/C=C/C(=O)Nc1cc2c(Nc3cccc(Br)c3)ncnc2cn1)NCCCn1ccnc1,CHEMBL677216
CHEMBL342828,14.0,7.85,O=C(/C=C/C(=O)Nc1cc2c(Nc3cccc(Br)c3)ncnc2cn1)NCCCn1ccnc1,CHEMBL677213
CHEMBL299194,8700.0,5.06,CN1CCN(CCCNc2ncc3cc(-c4c(Cl)cccc4Cl)c(=O)n(C)c3n2)CC1,CHEMBL680019
CHEMBL323699,5000.0,,Cn1c(=O)c(-c2c(Cl)cccc2Cl)cc2cnc(NCCc3ccccn3)nc21,CHEMBL680019
CHEMBL54067,35.0,7.46,CN(C)CCNc1ncc2ncnc(Nc3cccc(Br)c3)c2n1,CHEMBL679947
CHEMBL291359,9900.0,5.00,CC(=O)Oc1cccc2c(C(=O)Nc3ccccc3)c(SSc3c(C(=O)Nc4ccccc4)c4cccc(OC(C)=O)c4n3C)n(C)c12,CHEMBL677391
CHEMBL335074,10000.0,,COC(=O)c1cc(/N=C/c2ccccc2O)ccc1O,CHEMBL676146
CHEMBL109296,4500.0,5.35,CCNc1ncc2cc(-c3c(Cl)cccc3Cl)c(=O)n(C)c2n1,CHEMBL680019
CHEMBL111339,480.0,6.32,Cc1ccc(Nc2ncc3cc(-c4c(Cl)cccc4Cl)c(=O)n(C)c3n2)cc1,CHEMBL680019
CHEMBL52197,30.0,7.52,COc1ccc2ncnc(Nc3cccc(Br)c3)c2c1,CHEMBL680030
CHEMBL109525,50000.0,,CCOC(=O)c1ccc(Nc2ncc3cc(-c4c(Cl)cccc4Cl)c(=O)n(C)c3n2)cc1,CHEMBL680019
CHEMBL7939,700.0,6.16,O=C1NC(=O)c2cc(Nc3ccc(F)cc3)c(Nc3ccc(F)cc3)cc21,CHEMBL679549
CHEMBL7939,2200.0,5.66,O=C1NC(=O)c2cc(Nc3ccc(F)cc3)c(Nc3ccc(F)cc3)cc21,CHEMBL621149
CHEMBL8163,50000.0,,O=C1NC(=O)c2cc(Nc3ccc(I)cc3)c(Nc3ccc(I)cc3)cc21,CHEMBL679549
CHEMBL8095,2000.0,5.70,COc1ccc(Nc2cc3c(cc2Nc2ccccc2)C(=O)NC3=O)cc1,CHEMBL679549
CHEMBL8095,18000.0,4.75,COc1ccc(Nc2cc3c(cc2Nc2ccccc2)C(=O)NC3=O)cc1,CHEMBL621149
CHEMBL268441,50000.0,,CC(=O)N(c1ccccc1)c1cc2c(cc1Nc1ccccc1)C(=O)NC2=O,CHEMBL679549
CHEMBL268441,50000.0,,CC(=O)N(c1ccccc1)c1cc2c(cc1Nc1ccccc1)C(=O)NC2=O,CHEMBL621149
CHEMBL345109,0.44,9.36,CN(C)CCCNC(=O)/C=C/C(=O)Nc1ccc2ncnc(Nc3cccc(Br)c3)c2c1,CHEMBL673925
CHEMBL345109,59.0,7.23,CN(C)CCCNC(=O)/C=C/C(=O)Nc1ccc2ncnc(Nc3cccc(Br)c3)c2c1,CHEMBL677216
CHEMBL345109,59.0,7.23,CN(C)CCCNC(=O)/C=C/C(=O)Nc1ccc2ncnc(Nc3cccc(Br)c3)c2c1,CHEMBL679948
CHEMBL607707,83.0,7.08,CCOc1cc2ncc(C#N)c(Nc3ccc(F)c(Cl)c3)c2cc1NC(=O)/C=C/CN(C)C,CHEMBL683041
CHEMBL293986,100000.0,4.00,Cn1c(SSc2c(C(=O)Nc3ccccc3)c3c(Cl)cccc3n2C)c(C(=O)Nc2ccccc2)c2c(Cl)cccc21,CHEMBL677391
CHEMBL8223,50000.0,4.30,CCN(CC)c1ccc(Nc2cc3c(cc2Nc2ccc(N(CC)CC)cc2)C(=O)NC3=O)cc1,CHEMBL679549
CHEMBL8036,50000.0,,CN1C(=O)c2cc(Nc3ccccc3)c(Nc3ccccc3)cc2C1=O,CHEMBL679549
CHEMBL8036,50000.0,,CN1C(=O)c2cc(Nc3ccccc3)c(Nc3ccccc3)cc2C1=O,CHEMBL621149
CHEMBL332269,4400.0,5.36,CCCCNc1ncc2cc(-c3c(Cl)cccc3Cl)c(=O)n(C)c2n1,CHEMBL680019
CHEMBL300217,7.6,8.12,Nc1ccc2ncnc(Nc3cccc(Br)c3)c2n1,CHEMBL680030
CHEMBL300217,53.0,7.28,Nc1ccc2ncnc(Nc3cccc(Br)c3)c2n1,CHEMBL680031
CHEMBL53753,0.008,,CNc1cc2c(Nc3cccc(Br)c3)ncnc2cn1,CHEMBL680030
CHEMBL53753,15.0,7.82,CNc1cc2c(Nc3cccc(Br)c3)ncnc2cn1,CHEMBL680031
CHEMBL300936,25000.0,,CC(C)(C)c1cnc(CSc2cnc(NC(=O)Cc3ccc(CNC(CO)CO)cc3)s2)o1,CHEMBL677888
CHEMBL428690,7600.0,5.12,CN1CC[C@H](c2c(O)cc(O)c3c(=O)cc(-c4ccccc4Cl)oc23)[C@H](O)C1,CHEMBL677888
CHEMBL14932,98.0,7.01,Oc1ccc2ncnc(Nc3ccc(OCc4ccccc4)cc3)c2c1,CHEMBL674106
CHEMBL48085,130000.0,,Oc1cc(O)c2nc(-c3ccc(O)c(O)c3)sc2c1,CHEMBL814059
CHEMBL38199,3.7,8.43,Brc1cccc(Nc2ncnc3cc4c(cnn4CCN4CCOCC4)cc23)c1,CHEMBL677389
CHEMBL38199,192.0,6.72,Brc1cccc(Nc2ncnc3cc4c(cnn4CCN4CCOCC4)cc23)c1,CHEMBL676156
CHEMBL553,1.0,9.00,C#Cc1cccc(Nc2ncnc3cc(OCCOC)c(OCCOC)cc23)c1,CHEMBL674106
CHEMBL939,1.0,9.00,COc1cc2ncnc(Nc3ccc(F)c(Cl)c3)c2cc1OCCCN1CCOCC1,CHEMBL674106
CHEMBL29197,0.025,10.60,COc1cc2ncnc(Nc3cccc(Br)c3)c2cc1OC,CHEMBL677389
CHEMBL287007,2.6,8.59,CN(C)Cc1c[nH]c2cc3ncnc(Nc4cccc(Br)c4)c3cc12,CHEMBL677389
CHEMBL287007,9.7,8.01,CN(C)Cc1c[nH]c2cc3ncnc(Nc4cccc(Br)c4)c3cc12,CHEMBL676156
CHEMBL37346,5500.0,5.26,Brc1cccc(Nc2ccnc3ccccc23)c1,CHEMBL677389
CHEMBL39563,100000.0,,Brc1cccc(Nc2nccc3ccccc23)c1,CHEMBL677389
CHEMBL15346,74.0,7.13,CS(=O)(=O)CCNCCCCOc1ccc2ncnc(Nc3ccc(OCc4ccccc4)cc3)c2c1,CHEMBL674106
CHEMBL15202,68.0,7.17,COc1ccc2ncnc(Nc3ccc(OCc4ccccc4)cc3)c2c1,CHEMBL674106
CHEMBL554,10.0,8.00,CS(=O)(=O)CCNCc1ccc(-c2ccc3ncnc(Nc4ccc(OCc5cccc(F)c5)c(Cl)c4)c3c2)o1,CHEMBL674106
CHEMBL36819,53.0,7.28,O=C(O)Cn1ncc2cc3c(Nc4cccc(Br)c4)ncnc3cc21,CHEMBL677389
CHEMBL36819,1196.0,5.92,O=C(O)Cn1ncc2cc3c(Nc4cccc(Br)c4)ncnc3cc21,CHEMBL676156
CHEMBL40130,3.7,8.43,Brc1cccc(Nc2ncnc3cc4c(ccn4CCN4CCOCC4)cc23)c1,CHEMBL677389
CHEMBL40130,16.0,7.80,Brc1cccc(Nc2ncnc3cc4c(ccn4CCN4CCOCC4)cc23)c1,CHEMBL676156
CHEMBL35820,0.006,,CCOc1cc2ncnc(Nc3cccc(Br)c3)c2cc1OCC,CHEMBL677389
CHEMBL14627,74.0,7.13,O=C(NCCCCOc1ccc2ncnc(Nc3ccc(OCc4ccccc4)cc3)c2c1)C(F)(F)F,CHEMBL674106
CHEMBL290096,27.0,7.57,Brc1cccc(Nc2ncnc3ccccc23)c1,CHEMBL677389
CHEMBL289787,10000.0,,COc1cccc2c(Nc3cccc(Br)c3)ncnc12,CHEMBL677389
CHEMBL45564,300000.0,,Oc1ccc(-c2nc3c(O)cc(O)cc3s2)cc1,CHEMBL814059
CHEMBL37099,10000.0,,Cc1nc(Nc2cccc(Br)c2)c2ccccc2n1,CHEMBL677389
CHEMBL460731,20.0,7.70,CS(=O)(=O)CCNCCCCOc1ccc2ncnc(Nc3ccc(F)c(Cl)c3)c2c1,CHEMBL674106
CHEMBL460731,71.0,7.15,CS(=O)(=O)CCNCCCCOc1ccc2ncnc(Nc3ccc(F)c(Cl)c3)c2c1,CHEMBL690547
CHEMBL50,190000.0,,O=c1c(O)c(-c2ccc(O)c(O)c2)oc2cc(O)cc(O)c12,CHEMBL676234
CHEMBL37543,12.0,7.92,OCC(O)Cn1ncc2cc3c(Nc4cccc(Br)c4)ncnc3cc21,CHEMBL677389
CHEMBL37543,318.0,6.50,OCC(O)Cn1ncc2cc3c(Nc4cccc(Br)c4)ncnc3cc21,CHEMBL676156
CHEMBL287289,21.0,7.68,CN(C)CCCn1ccc2cc3c(Nc4cccc(Br)c4)ncnc3cc21,CHEMBL677389
CHEMBL287289,230.0,6.64,CN(C)CCCn1ccc2cc3c(Nc4cccc(Br)c4)ncnc3cc21,CHEMBL676156
CHEMBL514436,27.0,7.57,CS(=O)(=O)CCNCCCCOc1ccc2ncnc(Nc3ccc(OCc4cccc(F)c4)c(Cl)c3)c2c1,CHEMBL674106
CHEMBL39320,0.37,9.43,Cn1ncc2cc3c(Nc4cccc(Br)c4)ncnc3cc21,CHEMBL677389
CHEMBL39320,13.0,7.89,Cn1ncc2cc3c(Nc4cccc(Br)c4)ncnc3cc21,CHEMBL676156
CHEMBL289162,5.1,8.29,O=C(O)Cn1ccc2cc3c(Nc4cccc(Br)c4)ncnc3cc21,CHEMBL677389
CHEMBL289162,1780.0,5.75,O=C(O)Cn1ccc2cc3c(Nc4cccc(Br)c4)ncnc3cc21,CHEMBL676156
CHEMBL14952,104.0,6.98,CS(=O)(=O)CCNCCCOc1ccc2ncnc(Nc3ccc(OCc4ccccc4)cc3)c2c1,CHEMBL674106
CHEMBL37373,41.0,7.39,CN(C)CCn1ccc2cc3c(Nc4cccc(Br)c4)ncnc3cc21,CHEMBL677389
CHEMBL37373,145.0,6.84,CN(C)CCn1ccc2cc3c(Nc4cccc(Br)c4)ncnc3cc21,CHEMBL676156
CHEMBL39715,3.4,8.47,COC(=O)CN(C)Cc1c[nH]c2cc3ncnc(Nc4cccc(Br)c4)c3cc12,CHEMBL677389
CHEMBL39715,9.6,8.02,COC(=O)CN(C)Cc1c[nH]c2cc3ncnc(Nc4cccc(Br)c4)c3cc12,CHEMBL676156
CHEMBL289213,0.72,9.14,CN(CC(=O)O)Cc1c[nH]c2cc3ncnc(Nc4cccc(Br)c4)c3cc12,CHEMBL677389
CHEMBL289213,584.0,6.23,CN(CC(=O)O)Cc1c[nH]c2cc3ncnc(Nc4cccc(Br)c4)c3cc12,CHEMBL676156
CHEMBL273789,263.0,6.58,CS(=O)(=O)CCN(CCCCOc1ccc2ncnc(Nc3ccc(OCc4ccccc4)cc3)c2c1)C(=O)C(F)(F)F,CHEMBL674106
CHEMBL517907,11.0,7.96,C#Cc1cccc(Nc2ncnc3ccc(OCCCCNCCS(C)(=O)=O)cc23)c1,CHEMBL674106
CHEMBL517907,45.0,7.35,C#Cc1cccc(Nc2ncnc3ccc(OCCCCNCCS(C)(=O)=O)cc23)c1,CHEMBL690547
CHEMBL460732,93.0,7.03,CS(=O)(=O)CCNCCCCOc1ccc2ncnc(Nc3ccc(S(=O)(=O)c4ccccc4)cc3)c2c1,CHEMBL674106
CHEMBL540701,79.0,7.10,C=CCOc1ccc2ncnc(Nc3ccc(OCc4ccccc4)cc3)c2c1,CHEMBL674106
CHEMBL287832,40.0,7.40,CN(C)CCn1ncc2cc3c(Nc4cccc(Br)c4)ncnc3cc21,CHEMBL677389
CHEMBL287832,262.0,6.58,CN(C)CCn1ncc2cc3c(Nc4cccc(Br)c4)ncnc3cc21,CHEMBL676156
CHEMBL39337,0.44,9.36,Brc1cccc(Nc2ncnc3cc4[nH]ncc4cc23)c1,CHEMBL677389
CHEMBL39337,20.0,7.70,Brc1cccc(Nc2ncnc3cc4[nH]ncc4cc23)c1,CHEMBL676156
CHEMBL39337,0.44,9.36,Brc1cccc(Nc2ncnc3cc4[nH]ncc4cc23)c1,CHEMBL676158
CHEMBL40734,0.44,9.36,Brc1cccc(Nc2ncnc3cc4[nH]ccc4cc23)c1,CHEMBL677389
CHEMBL40734,22.0,7.66,Brc1cccc(Nc2ncnc3cc4[nH]ccc4cc23)c1,CHEMBL676156
CHEMBL40734,0.44,9.36,Brc1cccc(Nc2ncnc3cc4[nH]ccc4cc23)c1,CHEMBL676158
CHEMBL39811,7.5,8.12,CN(C)CCN(C)Cc1c[nH]c2cc3ncnc(Nc4cccc(Br)c4)c3cc12,CHEMBL677389
CHEMBL39811,81.0,7.09,CN(C)CCN(C)Cc1c[nH]c2cc3ncnc(Nc4cccc(Br)c4)c3cc12,CHEMBL676156
CHEMBL36727,0.8,9.10,Cn1ccc2cc3c(Nc4cccc(Br)c4)ncnc3cc21,CHEMBL677389
CHEMBL36727,22.0,7.66,Cn1ccc2cc3c(Nc4cccc(Br)c4)ncnc3cc21,CHEMBL676156
CHEMBL39355,8.8,8.06,Brc1cccc(Nc2ncnc3cc4c(cnn4CCCN4CCOCC4)cc23)c1,CHEMBL677389
CHEMBL39355,77.0,7.11,Brc1cccc(Nc2ncnc3cc4c(cnn4CCCN4CCOCC4)cc23)c1,CHEMBL676156
CHEMBL493428,24.0,7.62,CS(=O)(=O)CCNCCCCOc1ccc2ncnc(Nc3ccc4c(cnn4Cc4cccc(F)c4)c3)c2c1,CHEMBL674106
CHEMBL493428,630.0,6.20,CS(=O)(=O)CCNCCCCOc1ccc2ncnc(Nc3ccc4c(cnn4Cc4cccc(F)c4)c3)c2c1,CHEMBL690547
CHEMBL44227,130000.0,,Oc1ccc(-c2nc3ccc(O)cc3s2)cc1,CHEMBL814059
CHEMBL289959,346.0,6.46,c1ccc(Nc2ncnc3ccccc23)cc1,CHEMBL677389
CHEMBL47966,58000.0,4.24,Oc1ccc(/N=N/c2ccc(O)cc2O)cc1,CHEMBL814060
CHEMBL14874,830.0,6.08,CN(CCCOc1ccc2ncnc(Nc3ccc(OCc4ccccc4)cc3)c2c1)CCS(C)(=O)=O,CHEMBL674106
CHEMBL416611,1.6,8.80,OCC(O)Cn1ccc2cc3c(Nc4cccc(Br)c4)ncnc3cc21,CHEMBL677389
CHEMBL416611,49.0,7.31,OCC(O)Cn1ccc2cc3c(Nc4cccc(Br)c4)ncnc3cc21,CHEMBL676156
CHEMBL36967,4.8,8.32,Brc1cccc(Nc2ncnc3cc4[nH]cc(CN5CCOCC5)c4cc23)c1,CHEMBL677389
CHEMBL36967,9.6,8.02,Brc1cccc(Nc2ncnc3cc4[nH]cc(CN5CCOCC5)c4cc23)c1,CHEMBL676156
CHEMBL36164,3.5,8.46,OCCN(CCO)Cc1c[nH]c2cc3ncnc(Nc4cccc(Br)c4)c3cc12,CHEMBL677389
CHEMBL36164,135.0,6.87,OCCN(CCO)Cc1c[nH]c2cc3ncnc(Nc4cccc(Br)c4)c3cc12,CHEMBL676156
